[{
    "id": 1,
    "lastname": "MacAlpine",
    "firstname": "Cunégonde"
  }, {
    "id": 2,
    "lastname": "Voce",
    "firstname": "Laïla"
  }, {
    "id": 3,
    "lastname": "Wilacot",
    "firstname": "Cécilia"
  }, {
    "id": 4,
    "lastname": "Leeroyde",
    "firstname": "Raphaël"
  }, {
    "id": 5,
    "lastname": "Dillintone",
    "firstname": "Jean"
  }, {
    "id": 6,
    "lastname": "MacTrustey",
    "firstname": "Séverine"
  }, {
    "id": 7,
    "lastname": "Sonner",
    "firstname": "Jordan"
  }, {
    "id": 8,
    "lastname": "Fowells",
    "firstname": "Patrick"
  }, {
    "id": 9,
    "lastname": "Bartlomiej",
    "firstname": "Martine"
  }, {
    "id": 10,
    "lastname": "O'Grada",
    "firstname": "John"
  }]